Business Name,Industry,City,State,Address,Phone,Website,Email,Established,Employees,Reviews,Notes
Bay Area Plumbing & Heating,plumbing,Tampa,FL,412 W Kennedy Blvd,(813) 555-0100,https://bayareaplumbing.example,,1994,9,80,Family-owned since 1994
Westshore Commercial Cleaning,commercial cleaning,Tampa,FL,88 Westshore Plaza,(813) 555-0142,,,1999,26,34,Office cleaning contracts across south Tampa
Carrollwood Pest Defense,pest control,Tampa,FL,1200 N Dale Mabry,(813) 555-0188,https://carrollwoodpest.example,info@carrollwoodpest.example,2001,11,210,Quarterly residential routes
Ybor Auto Works,auto repair,Tampa,FL,2100 E 7th Ave,(813) 555-0155,,,1988,7,95,Independent six-bay shop
Roto-Rooter Plumbing Tampa,plumbing,Tampa,FL,500 Industrial Way,(813) 555-0199,https://rotorooter.com,,1980,40,600,Franchise location
Brandon Lawn & Landscape,landscaping,Brandon,FL,77 Oakfield Dr,(813) 555-0177,,,2016,6,22,Residential mowing routes
Tampa Bay Managed IT,managed it services,Tampa,FL,301 Ashley Dr,(813) 555-0122,https://tbmit.example,hello@tbmit.example,2009,14,45,Monthly recurring contracts
Harborview Family Dentistry,medical practice,Tampa,FL,900 Bayshore Blvd,(813) 555-0166,https://harborviewdental.example,,2004,12,180,General dentistry
Joe's Handyman Service,home services,Tampa,FL,,(813) 555-0133,,,2021,1,4,One-man operation
